<?xml version="1.0" encoding="UTF-8"?>
<beans xmlns="http://www.springframework.org/schema/beans" xmlns:xsi="http://www.w3.org/2001/XMLSchema-instance"
       xmlns:context="http://www.springframework.org/schema/context"
       xsi:schemaLocation="http://www.springframework.org/schema/beans http://www.springframework.org/schema/beans/spring-beans.xsd
                http://www.springframework.org/schema/context http://www.springframework.org/schema/context/spring-context.xsd">


    <context:component-scan base-package="rpc.*"/>


    <!-- 映射 -->
    <bean id="urlMapping" class="org.springframework.web.servlet.handler.SimpleUrlHandlerMapping">
        <property name="mappings">
            <props>
                <!-- httpInvoker  -->
                <prop key="/user.httpInvoker">serviceHttpInvokeExporter</prop>
                <!-- hessian -->
                <prop key="/user.hessianInvoker">serviceHessianExport</prop>
            </props>
        </property>
    </bean>


</beans>