<serviceGroup>
    <service name="HelloService">
        <description>Spring POJO Axis2 example</description>
        <parameter name="ServiceClass">
            axis2.service.HelloService
        </parameter>
        <parameter name="ServiceObjectSupplier">
            org.apache.axis2.extensions.spring.receivers.SpringServletContextObjectSupplier
        </parameter>
        <parameter name="SpringBeanName">helloService</parameter>
        <messageReceivers>
            <messageReceiver mep="http://www.w3.org/2004/08/wsdl/in-out" class="org.apache.axis2.rpc.receivers.RPCMessageReceiver" />
        </messageReceivers>
    </service>
</serviceGroup>